SET NAMES 'utf8';

-- OutdoorPvP Zone: Azhara Crater - Dota
REPLACE INTO `creature_template` (`entry`, `difficulty_entry_1`, `difficulty_entry_2`, `difficulty_entry_3`, `KillCredit1`, `KillCredit2`, `modelid1`, `modelid2`, `modelid3`, `modelid4`, `name`, `subname`, `IconName`, `gossip_menu_id`, `minlevel`, `maxlevel`, `exp`, `faction_A`, `faction_H`, `npcflag`, `speed_walk`, `speed_run`, `scale`, `rank`, `mindmg`, `maxdmg`, `dmgschool`, `attackpower`, `dmg_multiplier`, `baseattacktime`, `rangeattacktime`, `unit_class`, `unit_flags`, `dynamicflags`, `family`, `trainer_type`, `trainer_spell`, `trainer_class`, `trainer_race`, `minrangedmg`, `maxrangedmg`, `rangedattackpower`, `type`, `type_flags`, `lootid`, `pickpocketloot`, `skinloot`, `resistance1`, `resistance2`, `resistance3`, `resistance4`, `resistance5`, `resistance6`, `spell1`, `spell2`, `spell3`, `spell4`, `spell5`, `spell6`, `spell7`, `spell8`, `PetSpellDataId`, `VehicleId`, `mingold`, `maxgold`, `AIName`, `MovementType`, `InhabitType`, `Health_mod`, `Mana_mod`, `Armor_mod`, `RacialLeader`, `questItem1`, `questItem2`, `questItem3`, `questItem4`, `questItem5`, `questItem6`, `movementId`, `RegenHealth`, `equipment_id`, `mechanic_immune_mask`, `flags_extra`, `ScriptName`, `WDBVerified`) 
VALUES (500100, 0, 0, 0, 0, 0, 14884, 0, 0, 0, 'Alliance Elder', 'Tower', '', 0, 83, 83, 1, 84, 84, 0, '1', '1.14286', 1, 3, 5000, 9000, 3, 49000, 2, 2000, 2000, 1, 4, 2, 0, 0, 0, 0, 0, 5000, 9000, 49000, 7, 4204, 0, 0, 0, 75, 75, 75, 75, 75, 75, 47253, 0, 0, 0, 0, 0, 0, 0, 0, 0, 0, 0, '', 0, 7, 160, 80, 1, 0, 0, 0, 0, 0, 0, 0, 0, 0, 0,  2147483647, 276, 'npc_control_tower', 12340);
REPLACE INTO `creature_template` (`entry`, `difficulty_entry_1`, `difficulty_entry_2`, `difficulty_entry_3`, `KillCredit1`, `KillCredit2`, `modelid1`, `modelid2`, `modelid3`, `modelid4`, `name`, `subname`, `IconName`, `gossip_menu_id`, `minlevel`, `maxlevel`, `exp`, `faction_A`, `faction_H`, `npcflag`, `speed_walk`, `speed_run`, `scale`, `rank`, `mindmg`, `maxdmg`, `dmgschool`, `attackpower`, `dmg_multiplier`, `baseattacktime`, `rangeattacktime`, `unit_class`, `unit_flags`, `dynamicflags`, `family`, `trainer_type`, `trainer_spell`, `trainer_class`, `trainer_race`, `minrangedmg`, `maxrangedmg`, `rangedattackpower`, `type`, `type_flags`, `lootid`, `pickpocketloot`, `skinloot`, `resistance1`, `resistance2`, `resistance3`, `resistance4`, `resistance5`, `resistance6`, `spell1`, `spell2`, `spell3`, `spell4`, `spell5`, `spell6`, `spell7`, `spell8`, `PetSpellDataId`, `VehicleId`, `mingold`, `maxgold`, `AIName`, `MovementType`, `InhabitType`, `Health_mod`, `Mana_mod`, `Armor_mod`, `RacialLeader`, `questItem1`, `questItem2`, `questItem3`, `questItem4`, `questItem5`, `questItem6`, `movementId`, `RegenHealth`, `equipment_id`, `mechanic_immune_mask`, `flags_extra`, `ScriptName`, `WDBVerified`) 
VALUES (500101, 0, 0, 0, 0, 0, 14884, 0, 0, 0, 'Alliance Elder', 'Tower', '', 0, 83, 83, 1, 84, 84, 0, '1', '1.14286', 1, 3, 5000, 9000, 3, 49000, 2, 2000, 2000, 1, 4, 2, 0, 0, 0, 0, 0, 5000, 9000, 49000, 7, 4204, 0, 0, 0, 75, 75, 75, 75, 75, 75, 47253, 0, 0, 0, 0, 0, 0, 0, 0, 0, 0, 0, '', 0, 7, 160, 80, 1, 0, 0, 0, 0, 0, 0, 0, 0, 0, 0,  2147483647, 276, 'npc_control_tower', 12340);
REPLACE INTO `creature_template` (`entry`, `difficulty_entry_1`, `difficulty_entry_2`, `difficulty_entry_3`, `KillCredit1`, `KillCredit2`, `modelid1`, `modelid2`, `modelid3`, `modelid4`, `name`, `subname`, `IconName`, `gossip_menu_id`, `minlevel`, `maxlevel`, `exp`, `faction_A`, `faction_H`, `npcflag`, `speed_walk`, `speed_run`, `scale`, `rank`, `mindmg`, `maxdmg`, `dmgschool`, `attackpower`, `dmg_multiplier`, `baseattacktime`, `rangeattacktime`, `unit_class`, `unit_flags`, `dynamicflags`, `family`, `trainer_type`, `trainer_spell`, `trainer_class`, `trainer_race`, `minrangedmg`, `maxrangedmg`, `rangedattackpower`, `type`, `type_flags`, `lootid`, `pickpocketloot`, `skinloot`, `resistance1`, `resistance2`, `resistance3`, `resistance4`, `resistance5`, `resistance6`, `spell1`, `spell2`, `spell3`, `spell4`, `spell5`, `spell6`, `spell7`, `spell8`, `PetSpellDataId`, `VehicleId`, `mingold`, `maxgold`, `AIName`, `MovementType`, `InhabitType`, `Health_mod`, `Mana_mod`, `Armor_mod`, `RacialLeader`, `questItem1`, `questItem2`, `questItem3`, `questItem4`, `questItem5`, `questItem6`, `movementId`, `RegenHealth`, `equipment_id`, `mechanic_immune_mask`, `flags_extra`, `ScriptName`, `WDBVerified`) 
VALUES (500102, 0, 0, 0, 0, 0, 14884, 0, 0, 0, 'Alliance Elder', 'Tower', '', 0, 83, 83, 1, 84, 84, 0, '1', '1.14286', 1, 3, 5000, 9000, 3, 49000, 2, 2000, 2000, 1, 4, 2, 0, 0, 0, 0, 0, 5000, 9000, 49000, 7, 4204, 0, 0, 0, 75, 75, 75, 75, 75, 75, 47253, 0, 0, 0, 0, 0, 0, 0, 0, 0, 0, 0, '', 0, 7, 160, 80, 1, 0, 0, 0, 0, 0, 0, 0, 0, 0, 0,  2147483647, 276, 'npc_control_tower', 12340);
REPLACE INTO `creature_template` (`entry`, `difficulty_entry_1`, `difficulty_entry_2`, `difficulty_entry_3`, `KillCredit1`, `KillCredit2`, `modelid1`, `modelid2`, `modelid3`, `modelid4`, `name`, `subname`, `IconName`, `gossip_menu_id`, `minlevel`, `maxlevel`, `exp`, `faction_A`, `faction_H`, `npcflag`, `speed_walk`, `speed_run`, `scale`, `rank`, `mindmg`, `maxdmg`, `dmgschool`, `attackpower`, `dmg_multiplier`, `baseattacktime`, `rangeattacktime`, `unit_class`, `unit_flags`, `dynamicflags`, `family`, `trainer_type`, `trainer_spell`, `trainer_class`, `trainer_race`, `minrangedmg`, `maxrangedmg`, `rangedattackpower`, `type`, `type_flags`, `lootid`, `pickpocketloot`, `skinloot`, `resistance1`, `resistance2`, `resistance3`, `resistance4`, `resistance5`, `resistance6`, `spell1`, `spell2`, `spell3`, `spell4`, `spell5`, `spell6`, `spell7`, `spell8`, `PetSpellDataId`, `VehicleId`, `mingold`, `maxgold`, `AIName`, `MovementType`, `InhabitType`, `Health_mod`, `Mana_mod`, `Armor_mod`, `RacialLeader`, `questItem1`, `questItem2`, `questItem3`, `questItem4`, `questItem5`, `questItem6`, `movementId`, `RegenHealth`, `equipment_id`, `mechanic_immune_mask`, `flags_extra`, `ScriptName`, `WDBVerified`) 
VALUES (500110, 0, 0, 0, 0, 0, 13170, 0, 0, 0, 'Horde Elder', 'Tower', '', 0, 83, 83, 1, 83, 83, 0, '1', '1.14286', 1, 3, 5000, 9000, 3, 49000, 2, 2000, 2000, 1, 4, 2, 0, 0, 0, 0, 0, 5000, 9000, 49000, 7, 4204, 0, 0, 0, 75, 75, 75, 75, 75, 75, 47253, 0, 0, 0, 0, 0, 0, 0, 0, 0, 0, 0, '', 0, 7, 160, 80, 1, 0, 0, 0, 0, 0, 0, 0, 0, 0, 0,  2147483647, 276, 'npc_control_tower', 12340);
REPLACE INTO `creature_template` (`entry`, `difficulty_entry_1`, `difficulty_entry_2`, `difficulty_entry_3`, `KillCredit1`, `KillCredit2`, `modelid1`, `modelid2`, `modelid3`, `modelid4`, `name`, `subname`, `IconName`, `gossip_menu_id`, `minlevel`, `maxlevel`, `exp`, `faction_A`, `faction_H`, `npcflag`, `speed_walk`, `speed_run`, `scale`, `rank`, `mindmg`, `maxdmg`, `dmgschool`, `attackpower`, `dmg_multiplier`, `baseattacktime`, `rangeattacktime`, `unit_class`, `unit_flags`, `dynamicflags`, `family`, `trainer_type`, `trainer_spell`, `trainer_class`, `trainer_race`, `minrangedmg`, `maxrangedmg`, `rangedattackpower`, `type`, `type_flags`, `lootid`, `pickpocketloot`, `skinloot`, `resistance1`, `resistance2`, `resistance3`, `resistance4`, `resistance5`, `resistance6`, `spell1`, `spell2`, `spell3`, `spell4`, `spell5`, `spell6`, `spell7`, `spell8`, `PetSpellDataId`, `VehicleId`, `mingold`, `maxgold`, `AIName`, `MovementType`, `InhabitType`, `Health_mod`, `Mana_mod`, `Armor_mod`, `RacialLeader`, `questItem1`, `questItem2`, `questItem3`, `questItem4`, `questItem5`, `questItem6`, `movementId`, `RegenHealth`, `equipment_id`, `mechanic_immune_mask`, `flags_extra`, `ScriptName`, `WDBVerified`) 
VALUES (500111, 0, 0, 0, 0, 0, 13170, 0, 0, 0, 'Horde Elder', 'Tower', '', 0, 83, 83, 1, 83, 83, 0, '1', '1.14286', 1, 3, 5000, 9000, 3, 49000, 2, 2000, 2000, 1, 4, 2, 0, 0, 0, 0, 0, 5000, 9000, 49000, 7, 4204, 0, 0, 0, 75, 75, 75, 75, 75, 75, 47253, 0, 0, 0, 0, 0, 0, 0, 0, 0, 0, 0, '', 0, 7, 160, 80, 1, 0, 0, 0, 0, 0, 0, 0, 0, 0, 0,  2147483647, 276, 'npc_control_tower', 12340);
REPLACE INTO `creature_template` (`entry`, `difficulty_entry_1`, `difficulty_entry_2`, `difficulty_entry_3`, `KillCredit1`, `KillCredit2`, `modelid1`, `modelid2`, `modelid3`, `modelid4`, `name`, `subname`, `IconName`, `gossip_menu_id`, `minlevel`, `maxlevel`, `exp`, `faction_A`, `faction_H`, `npcflag`, `speed_walk`, `speed_run`, `scale`, `rank`, `mindmg`, `maxdmg`, `dmgschool`, `attackpower`, `dmg_multiplier`, `baseattacktime`, `rangeattacktime`, `unit_class`, `unit_flags`, `dynamicflags`, `family`, `trainer_type`, `trainer_spell`, `trainer_class`, `trainer_race`, `minrangedmg`, `maxrangedmg`, `rangedattackpower`, `type`, `type_flags`, `lootid`, `pickpocketloot`, `skinloot`, `resistance1`, `resistance2`, `resistance3`, `resistance4`, `resistance5`, `resistance6`, `spell1`, `spell2`, `spell3`, `spell4`, `spell5`, `spell6`, `spell7`, `spell8`, `PetSpellDataId`, `VehicleId`, `mingold`, `maxgold`, `AIName`, `MovementType`, `InhabitType`, `Health_mod`, `Mana_mod`, `Armor_mod`, `RacialLeader`, `questItem1`, `questItem2`, `questItem3`, `questItem4`, `questItem5`, `questItem6`, `movementId`, `RegenHealth`, `equipment_id`, `mechanic_immune_mask`, `flags_extra`, `ScriptName`, `WDBVerified`) 
VALUES (500112, 0, 0, 0, 0, 0, 13170, 0, 0, 0, 'Horde Elder', 'Tower', '', 0, 83, 83, 1, 83, 83, 0, '1', '1.14286', 1, 3, 5000, 9000, 3, 49000, 2, 2000, 2000, 1, 4, 2, 0, 0, 0, 0, 0, 5000, 9000, 49000, 7, 4204, 0, 0, 0, 75, 75, 75, 75, 75, 75, 47253, 0, 0, 0, 0, 0, 0, 0, 0, 0, 0, 0, '', 0, 7, 160, 80, 1, 0, 0, 0, 0, 0, 0, 0, 0, 0, 0,  2147483647, 276, 'npc_control_tower', 12340);
REPLACE INTO `creature_template` (`entry`, `difficulty_entry_1`, `difficulty_entry_2`, `difficulty_entry_3`, `KillCredit1`, `KillCredit2`, `modelid1`, `modelid2`, `modelid3`, `modelid4`, `name`, `subname`, `IconName`, `gossip_menu_id`, `minlevel`, `maxlevel`, `exp`, `faction_A`, `faction_H`, `npcflag`, `speed_walk`, `speed_run`, `scale`, `rank`, `mindmg`, `maxdmg`, `dmgschool`, `attackpower`, `dmg_multiplier`, `baseattacktime`, `rangeattacktime`, `unit_class`, `unit_flags`, `dynamicflags`, `family`, `trainer_type`, `trainer_spell`, `trainer_class`, `trainer_race`, `minrangedmg`, `maxrangedmg`, `rangedattackpower`, `type`, `type_flags`, `lootid`, `pickpocketloot`, `skinloot`, `resistance1`, `resistance2`, `resistance3`, `resistance4`, `resistance5`, `resistance6`, `spell1`, `spell2`, `spell3`, `spell4`, `spell5`, `spell6`, `spell7`, `spell8`, `PetSpellDataId`, `VehicleId`, `mingold`, `maxgold`, `AIName`, `MovementType`, `InhabitType`, `Health_mod`, `Mana_mod`, `Armor_mod`, `RacialLeader`, `questItem1`, `questItem2`, `questItem3`, `questItem4`, `questItem5`, `questItem6`, `movementId`, `RegenHealth`, `equipment_id`, `mechanic_immune_mask`, `flags_extra`, `ScriptName`, `WDBVerified`) 
VALUES (500109, 0, 0, 0, 0, 0, 29776, 0, 0, 0, 'Lady Banshi', 'Aliance Avanpost Comander', '', 0, 83, 83, 2, 84, 84, 0, 1.8, 1.42857, 1, 3, 468, 702, 0, 176, 40, 2000, 2000, 1, 0, 8, 0, 0, 0, 0, 0, 374, 562, 141, 7, 76, 0, 0, 0, 0, 0, 0, 0, 0, 0, 0, 0, 0, 0, 0, 0, 0, 0, 0, 0, 730500, 730500, '', 0, 3, 200, 20, 1, 1, 0, 0, 0, 0, 0, 0, 144, 1, 10000, 650854399, 0, 0, 12340);
REPLACE INTO `creature_template` (`entry`, `difficulty_entry_1`, `difficulty_entry_2`, `difficulty_entry_3`, `KillCredit1`, `KillCredit2`, `modelid1`, `modelid2`, `modelid3`, `modelid4`, `name`, `subname`, `IconName`, `gossip_menu_id`, `minlevel`, `maxlevel`, `exp`, `faction_A`, `faction_H`, `npcflag`, `speed_walk`, `speed_run`, `scale`, `rank`, `mindmg`, `maxdmg`, `dmgschool`, `attackpower`, `dmg_multiplier`, `baseattacktime`, `rangeattacktime`, `unit_class`, `unit_flags`, `dynamicflags`, `family`, `trainer_type`, `trainer_spell`, `trainer_class`, `trainer_race`, `minrangedmg`, `maxrangedmg`, `rangedattackpower`, `type`, `type_flags`, `lootid`, `pickpocketloot`, `skinloot`, `resistance1`, `resistance2`, `resistance3`, `resistance4`, `resistance5`, `resistance6`, `spell1`, `spell2`, `spell3`, `spell4`, `spell5`, `spell6`, `spell7`, `spell8`, `PetSpellDataId`, `VehicleId`, `mingold`, `maxgold`, `AIName`, `MovementType`, `InhabitType`, `Health_mod`, `Mana_mod`, `Armor_mod`, `RacialLeader`, `questItem1`, `questItem2`, `questItem3`, `questItem4`, `questItem5`, `questItem6`, `movementId`, `RegenHealth`, `equipment_id`, `mechanic_immune_mask`, `flags_extra`, `ScriptName`, `WDBVerified`) 
VALUES (500119, 0, 0, 0, 0, 0, 29782, 0, 0, 0, 'Thrall', 'Horde Avanpost Comander', '', 0, 83, 83, 2, 83, 83, 3, 1, 1.14286, 1, 3, 143, 215, 0, 54, 85, 1000, 1000, 2, 4160, 8, 0, 0, 0, 0, 0, 114, 172, 43, 7, 12, 0, 0, 0, 0, 0, 0, 0, 0, 0, 0, 0, 0, 0, 0, 0, 0, 0, 0, 0, 638000, 638000, '', 0, 3, 200, 30, 1, 1, 0, 0, 0, 0, 0, 0, 0, 1, 10001, 650854399, 0, 0, 12340);
REPLACE INTO `creature_template` (`entry`, `difficulty_entry_1`, `difficulty_entry_2`, `difficulty_entry_3`, `KillCredit1`, `KillCredit2`, `modelid1`, `modelid2`, `modelid3`, `modelid4`, `name`, `subname`, `IconName`, `gossip_menu_id`, `minlevel`, `maxlevel`, `exp`, `faction_A`, `faction_H`, `npcflag`, `speed_walk`, `speed_run`, `scale`, `rank`, `mindmg`, `maxdmg`, `dmgschool`, `attackpower`, `dmg_multiplier`, `baseattacktime`, `rangeattacktime`, `unit_class`, `unit_flags`, `dynamicflags`, `family`, `trainer_type`, `trainer_spell`, `trainer_class`, `trainer_race`, `minrangedmg`, `maxrangedmg`, `rangedattackpower`, `type`, `type_flags`, `lootid`, `pickpocketloot`, `skinloot`, `resistance1`, `resistance2`, `resistance3`, `resistance4`, `resistance5`, `resistance6`, `spell1`, `spell2`, `spell3`, `spell4`, `spell5`, `spell6`, `spell7`, `spell8`, `PetSpellDataId`, `VehicleId`, `mingold`, `maxgold`, `AIName`, `MovementType`, `InhabitType`, `Health_mod`, `Mana_mod`, `Armor_mod`, `RacialLeader`, `questItem1`, `questItem2`, `questItem3`, `questItem4`, `questItem5`, `questItem6`, `movementId`, `RegenHealth`, `equipment_id`, `mechanic_immune_mask`, `flags_extra`, `ScriptName`, `WDBVerified`) 
VALUES (500108, 0, 0, 0, 0, 0, 29175, 0, 0, 0, 'Elder Ironbranch', 'Barracks Alliance', '', 0, 83, 83, 2, 84, 84, 0, 1.8, 1.14286, 1, 3, 468, 702, 0, 176, 51.1, 2000, 2000, 1, 2097156, 2, 0, 0, 0, 0, 0, 374, 562, 141, 4, 108, 0, 0, 0, 0, 0, 0, 0, 0, 0, 0, 0, 0, 0, 0, 0, 0, 0, 0, 0, 0, 0, '', 0, 3, 200, 1, 1, 0, 0, 0, 0, 0, 0, 0, 0, 0, 0, 2147483647, 276, 'npc_summon_npc', 12340);
REPLACE INTO `creature_template` (`entry`, `difficulty_entry_1`, `difficulty_entry_2`, `difficulty_entry_3`, `KillCredit1`, `KillCredit2`, `modelid1`, `modelid2`, `modelid3`, `modelid4`, `name`, `subname`, `IconName`, `gossip_menu_id`, `minlevel`, `maxlevel`, `exp`, `faction_A`, `faction_H`, `npcflag`, `speed_walk`, `speed_run`, `scale`, `rank`, `mindmg`, `maxdmg`, `dmgschool`, `attackpower`, `dmg_multiplier`, `baseattacktime`, `rangeattacktime`, `unit_class`, `unit_flags`, `dynamicflags`, `family`, `trainer_type`, `trainer_spell`, `trainer_class`, `trainer_race`, `minrangedmg`, `maxrangedmg`, `rangedattackpower`, `type`, `type_flags`, `lootid`, `pickpocketloot`, `skinloot`, `resistance1`, `resistance2`, `resistance3`, `resistance4`, `resistance5`, `resistance6`, `spell1`, `spell2`, `spell3`, `spell4`, `spell5`, `spell6`, `spell7`, `spell8`, `PetSpellDataId`, `VehicleId`, `mingold`, `maxgold`, `AIName`, `MovementType`, `InhabitType`, `Health_mod`, `Mana_mod`, `Armor_mod`, `RacialLeader`, `questItem1`, `questItem2`, `questItem3`, `questItem4`, `questItem5`, `questItem6`, `movementId`, `RegenHealth`, `equipment_id`, `mechanic_immune_mask`, `flags_extra`, `ScriptName`, `WDBVerified`) 
VALUES (500118, 0, 0, 0, 0, 0, 29175, 0, 0, 0, 'Elder Ironbranch', 'Barracks Horde', '', 0, 83, 83, 2, 83, 83, 0, 1.8, 1.14286, 1, 3, 468, 702, 0, 176, 51.1, 2000, 2000, 1, 2097156, 2, 0, 0, 0, 0, 0, 374, 562, 141, 4, 108, 0, 0, 0, 0, 0, 0, 0, 0, 0, 0, 0, 0, 0, 0, 0, 0, 0, 0, 0, 0, 0, '', 0, 3, 200, 1, 1, 0, 0, 0, 0, 0, 0, 0, 0, 0, 0, 2147483647, 276, 'npc_summon_npc', 12340);
REPLACE INTO `creature_template` (`entry`, `difficulty_entry_1`, `difficulty_entry_2`, `difficulty_entry_3`, `KillCredit1`, `KillCredit2`, `modelid1`, `modelid2`, `modelid3`, `modelid4`, `name`, `subname`, `IconName`, `gossip_menu_id`, `minlevel`, `maxlevel`, `exp`, `faction_A`, `faction_H`, `npcflag`, `speed_walk`, `speed_run`, `scale`, `rank`, `mindmg`, `maxdmg`, `dmgschool`, `attackpower`, `dmg_multiplier`, `baseattacktime`, `rangeattacktime`, `unit_class`, `unit_flags`, `dynamicflags`, `family`, `trainer_type`, `trainer_spell`, `trainer_class`, `trainer_race`, `minrangedmg`, `maxrangedmg`, `rangedattackpower`, `type`, `type_flags`, `lootid`, `pickpocketloot`, `skinloot`, `resistance1`, `resistance2`, `resistance3`, `resistance4`, `resistance5`, `resistance6`, `spell1`, `spell2`, `spell3`, `spell4`, `spell5`, `spell6`, `spell7`, `spell8`, `PetSpellDataId`, `VehicleId`, `mingold`, `maxgold`, `AIName`, `MovementType`, `InhabitType`, `Health_mod`, `Mana_mod`, `Armor_mod`, `RacialLeader`, `questItem1`, `questItem2`, `questItem3`, `questItem4`, `questItem5`, `questItem6`, `movementId`, `RegenHealth`, `equipment_id`, `mechanic_immune_mask`, `flags_extra`, `ScriptName`, `WDBVerified`) 
VALUES (500120, 0, 0, 0, 0, 0, 10906, 0, 0, 0, 'Roshan', '', '', 0, 83, 83, 2, 14, 14, 0, 1, 1.14286, 3, 3, 8000, 12000, 0, 49000, 3, 3000, 3000, 1, 0, 2, 0, 0, 0, 0, 0, 8000, 12000, 49000, 3, 108, 0, 0, 0, 75, 75, 75, 75, 75, 75, 0, 0, 0, 0, 0, 0, 0, 0, 0, 0, 0, 0, '', 1, 3, 280, 1, 1, 0, 0, 0, 0, 0, 0, 0, 0, 1, 0, 2147483647, 276, '', 12340);
REPLACE INTO `creature_template` (`entry`, `difficulty_entry_1`, `difficulty_entry_2`, `difficulty_entry_3`, `KillCredit1`, `KillCredit2`, `modelid1`, `modelid2`, `modelid3`, `modelid4`, `name`, `subname`, `IconName`, `gossip_menu_id`, `minlevel`, `maxlevel`, `exp`, `faction_A`, `faction_H`, `npcflag`, `speed_walk`, `speed_run`, `scale`, `rank`, `mindmg`, `maxdmg`, `dmgschool`, `attackpower`, `dmg_multiplier`, `baseattacktime`, `rangeattacktime`, `unit_class`, `unit_flags`, `dynamicflags`, `family`, `trainer_type`, `trainer_spell`, `trainer_class`, `trainer_race`, `minrangedmg`, `maxrangedmg`, `rangedattackpower`, `type`, `type_flags`, `lootid`, `pickpocketloot`, `skinloot`, `resistance1`, `resistance2`, `resistance3`, `resistance4`, `resistance5`, `resistance6`, `spell1`, `spell2`, `spell3`, `spell4`, `spell5`, `spell6`, `spell7`, `spell8`, `PetSpellDataId`, `VehicleId`, `mingold`, `maxgold`, `AIName`, `MovementType`, `InhabitType`, `Health_mod`, `Mana_mod`, `Armor_mod`, `RacialLeader`, `questItem1`, `questItem2`, `questItem3`, `questItem4`, `questItem5`, `questItem6`, `movementId`, `RegenHealth`, `equipment_id`, `mechanic_immune_mask`, `flags_extra`, `ScriptName`, `WDBVerified`) 
VALUES (500121, 0, 0, 0, 0, 0, 617, 0, 0, 0, 'Murloc', 'Neutral', '', 0, 83, 83, 2, 14, 14, 0, 0.82, 0.85714, 2, 4, 25, 125, 1, 525, 70, 2000, 2000, 1, 0, 0, 0, 0, 0, 0, 0, 25, 125, 525, 7, 0, 0, 0, 0, 75, 75, 75, 75, 75, 75, 0, 0, 0, 0, 0, 0, 0, 0, 0, 0, 0, 0, '', 1, 3, 10, 1, 1, 0, 1256, 0, 0, 0, 0, 0, 100, 1, 3710, 0, 0, '', 12340);
REPLACE INTO `creature_template` (`entry`, `difficulty_entry_1`, `difficulty_entry_2`, `difficulty_entry_3`, `KillCredit1`, `KillCredit2`, `modelid1`, `modelid2`, `modelid3`, `modelid4`, `name`, `subname`, `IconName`, `gossip_menu_id`, `minlevel`, `maxlevel`, `exp`, `faction_A`, `faction_H`, `npcflag`, `speed_walk`, `speed_run`, `scale`, `rank`, `mindmg`, `maxdmg`, `dmgschool`, `attackpower`, `dmg_multiplier`, `baseattacktime`, `rangeattacktime`, `unit_class`, `unit_flags`, `dynamicflags`, `family`, `trainer_type`, `trainer_spell`, `trainer_class`, `trainer_race`, `minrangedmg`, `maxrangedmg`, `rangedattackpower`, `type`, `type_flags`, `lootid`, `pickpocketloot`, `skinloot`, `resistance1`, `resistance2`, `resistance3`, `resistance4`, `resistance5`, `resistance6`, `spell1`, `spell2`, `spell3`, `spell4`, `spell5`, `spell6`, `spell7`, `spell8`, `PetSpellDataId`, `VehicleId`, `mingold`, `maxgold`, `AIName`, `MovementType`, `InhabitType`, `Health_mod`, `Mana_mod`, `Armor_mod`, `RacialLeader`, `questItem1`, `questItem2`, `questItem3`, `questItem4`, `questItem5`, `questItem6`, `movementId`, `RegenHealth`, `equipment_id`, `mechanic_immune_mask`, `flags_extra`, `ScriptName`, `WDBVerified`) 
VALUES (500107, 0, 0, 0, 0, 0, 1988, 0, 0, 0, 'Grove Walker', 'Alliance', '', 0, 82, 82, 2, 84, 84, 0, 1, 1.14286, 0.5, 0, 361, 541, 0, 135, 14, 2000, 2000, 2, 32768, 2, 0, 0, 0, 0, 0, 289, 433, 108, 4, 0, 0, 0, 0, 55, 55, 55, 55, 55, 55, 0, 0, 0, 0, 0, 0, 0, 0, 0, 0, 0, 0, 0, 0, 3, 10, 10, 1, 0, 0, 0, 0, 0, 0, 0, 0, 1, 0, 0, 0, 'npc_creeps', 12340);
REPLACE INTO `creature_template` (`entry`, `difficulty_entry_1`, `difficulty_entry_2`, `difficulty_entry_3`, `KillCredit1`, `KillCredit2`, `modelid1`, `modelid2`, `modelid3`, `modelid4`, `name`, `subname`, `IconName`, `gossip_menu_id`, `minlevel`, `maxlevel`, `exp`, `faction_A`, `faction_H`, `npcflag`, `speed_walk`, `speed_run`, `scale`, `rank`, `mindmg`, `maxdmg`, `dmgschool`, `attackpower`, `dmg_multiplier`, `baseattacktime`, `rangeattacktime`, `unit_class`, `unit_flags`, `dynamicflags`, `family`, `trainer_type`, `trainer_spell`, `trainer_class`, `trainer_race`, `minrangedmg`, `maxrangedmg`, `rangedattackpower`, `type`, `type_flags`, `lootid`, `pickpocketloot`, `skinloot`, `resistance1`, `resistance2`, `resistance3`, `resistance4`, `resistance5`, `resistance6`, `spell1`, `spell2`, `spell3`, `spell4`, `spell5`, `spell6`, `spell7`, `spell8`, `PetSpellDataId`, `VehicleId`, `mingold`, `maxgold`, `AIName`, `MovementType`, `InhabitType`, `Health_mod`, `Mana_mod`, `Armor_mod`, `RacialLeader`, `questItem1`, `questItem2`, `questItem3`, `questItem4`, `questItem5`, `questItem6`, `movementId`, `RegenHealth`, `equipment_id`, `mechanic_immune_mask`, `flags_extra`, `ScriptName`, `WDBVerified`) 
VALUES (500117, 0, 0, 0, 0, 0, 1988, 0, 0, 0, 'Grove Walker', 'Horde', '', 0, 82, 82, 2, 83, 83, 0, 1, 1.14286, 0.5, 0, 361, 541, 0, 135, 14, 2000, 2000, 2, 32768, 2, 0, 0, 0, 0, 0, 289, 433, 108, 4, 0, 0, 0, 0, 55, 55, 55, 55, 55, 55, 0, 0, 0, 0, 0, 0, 0, 0, 0, 0, 0, 0, 0, 0, 3, 10, 10, 1, 0, 0, 0, 0, 0, 0, 0, 0, 1, 0, 0, 0, 'npc_creeps', 12340);

DELETE FROM `outdoorpvp_template` WHERE TypeID = '8';
INSERT INTO `outdoorpvp_template` (`TypeID`, `ScriptName`, `comment`) 
VALUES (8, 'outdoorpvp_ca', 'Azshara'); 

DELETE FROM `spell_bonus_data` WHERE entry='47253';
INSERT INTO `spell_bonus_data` VALUES ('47253', '0', '0', '0.36', '0', 'OutdoorPvP_CA_Towers');

DELETE FROM `script_waypoint` WHERE `entry` = '500117';
INSERT INTO `script_waypoint` VALUES ('500117', '0', '145.267', '1025.85', '295.231', '0', '');
INSERT INTO `script_waypoint` VALUES ('500117', '1', '142.045', '1018.18', '295.098', '0', '');
INSERT INTO `script_waypoint` VALUES ('500117', '2', '137.585', '1007.58', '295.16', '0', '');
INSERT INTO `script_waypoint` VALUES ('500117', '3', '134.815', '998.438', '295.083', '0', '');
INSERT INTO `script_waypoint` VALUES ('500117', '4', '156.2', '980.119', '294.439', '0', '');
INSERT INTO `script_waypoint` VALUES ('500117', '5', '160.187', '975.628', '292.373', '0', '');
INSERT INTO `script_waypoint` VALUES ('500117', '6', '165.506', '971.34', '288.694', '0', '');
INSERT INTO `script_waypoint` VALUES ('500117', '7', '169.045', '964.345', '283.928', '0', '');
INSERT INTO `script_waypoint` VALUES ('500117', '8', '177.66', '960.359', '278.747', '0', '');
INSERT INTO `script_waypoint` VALUES ('500117', '9', '188.333', '955.421', '272.246', '0', '');
INSERT INTO `script_waypoint` VALUES ('500117', '10', '185.891', '947.107', '268.734', '0', '');
INSERT INTO `script_waypoint` VALUES ('500117', '11', '181.891', '933.486', '264.915', '0', '');
INSERT INTO `script_waypoint` VALUES ('500117', '12', '171.37', '906.961', '264.216', '0', '');
INSERT INTO `script_waypoint` VALUES ('500117', '13', '159.66', '877.296', '267.844', '0', '');
INSERT INTO `script_waypoint` VALUES ('500117', '14', '144.061', '862.313', '269.9', '0', '');
INSERT INTO `script_waypoint` VALUES ('500117', '15', '122.051', '843.054', '272.165', '0', '');
INSERT INTO `script_waypoint` VALUES ('500117', '16', '93.7964', '821.434', '272.028', '0', '');
INSERT INTO `script_waypoint` VALUES ('500117', '17', '67.4317', '797.454', '268.474', '0', '');
INSERT INTO `script_waypoint` VALUES ('500117', '18', '45.7407', '779.362', '269.961', '0', '');
INSERT INTO `script_waypoint` VALUES ('500117', '19', '29.2011', '775.51', '273.106', '0', '');
INSERT INTO `script_waypoint` VALUES ('500117', '20', '6.20294', '773.107', '277.149', '0', '');
INSERT INTO `script_waypoint` VALUES ('500117', '21', '-20.7475', '767.951', '280.591', '0', '');
INSERT INTO `script_waypoint` VALUES ('500117', '22', '-19.2372', '757.356', '281.217', '0', '');
INSERT INTO `script_waypoint` VALUES ('500117', '23', '-14.652', '742.464', '276.709', '0', '');
INSERT INTO `script_waypoint` VALUES ('500117', '24', '-7.40829', '714.452', '272.721', '0', '');
INSERT INTO `script_waypoint` VALUES ('500117', '25', '-0.477896', '689.456', '272.427', '0', '');
INSERT INTO `script_waypoint` VALUES ('500117', '26', '3.98314', '677.49', '274.696', '0', '');
INSERT INTO `script_waypoint` VALUES ('500117', '27', '9.43243', '657.469', '272.654', '0', '');
INSERT INTO `script_waypoint` VALUES ('500117', '28', '14.713', '641.653', '270.398', '0', '');
INSERT INTO `script_waypoint` VALUES ('500117', '29', '16.4178', '609.988', '269.407', '0', '');
INSERT INTO `script_waypoint` VALUES ('500117', '30', '17.0481', '579.213', '273.778', '0', '');
INSERT INTO `script_waypoint` VALUES ('500117', '31', '18.3629', '564.883', '277.279', '0', '');
INSERT INTO `script_waypoint` VALUES ('500117', '32', '34.0966', '543.633', '281.786', '0', '');
INSERT INTO `script_waypoint` VALUES ('500117', '33', '47.478', '525.495', '286.57', '0', '');
INSERT INTO `script_waypoint` VALUES ('500117', '34', '38.5898', '510.145', '292.949', '0', '');
INSERT INTO `script_waypoint` VALUES ('500117', '35', '30.1806', '496.91', '297.348', '0', '');
INSERT INTO `script_waypoint` VALUES ('500117', '36', '28.1555', '485.127', '301.002', '0', '');
INSERT INTO `script_waypoint` VALUES ('500117', '37', '25.5122', '462.933', '305.254', '0', '');
INSERT INTO `script_waypoint` VALUES ('500117', '38', '24.6299', '440.069', '306.124', '0', '');
INSERT INTO `script_waypoint` VALUES ('500117', '39', '24.7838', '416.437', '306.042', '0', '');
INSERT INTO `script_waypoint` VALUES ('500117', '40', '24.9032', '398.097', '304.545', '0', '');
INSERT INTO `script_waypoint` VALUES ('500117', '41', '31.2412', '385.95', '302.322', '0', '');
INSERT INTO `script_waypoint` VALUES ('500117', '42', '70.8645', '327.508', '294.138', '0', '');
INSERT INTO `script_waypoint` VALUES ('500117', '43', '81.8619', '313.787', '291.297', '0', '');
INSERT INTO `script_waypoint` VALUES ('500117', '44', '99.5445', '310.476', '287.767', '0', '');
INSERT INTO `script_waypoint` VALUES ('500117', '45', '116.47', '307.306', '283.102', '0', '');
INSERT INTO `script_waypoint` VALUES ('500117', '46', '131.374', '295.524', '277.539', '0', '');
INSERT INTO `script_waypoint` VALUES ('500117', '47', '164.769', '290.199', '271.251', '0', '');
INSERT INTO `script_waypoint` VALUES ('500117', '48', '203.814', '276.359', '262.195', '0', '');
INSERT INTO `script_waypoint` VALUES ('500117', '49', '221.021', '264.69', '258.541', '0', '');
INSERT INTO `script_waypoint` VALUES ('500117', '50', '242.154', '244.715', '254.129', '0', '');
INSERT INTO `script_waypoint` VALUES ('500117', '51', '267.097', '223.637', '248.811', '0', '');
INSERT INTO `script_waypoint` VALUES ('500117', '52', '281.072', '212.155', '245.818', '0', '');
INSERT INTO `script_waypoint` VALUES ('500117', '53', '294.789', '189.727', '238.58', '0', '');
INSERT INTO `script_waypoint` VALUES ('500117', '54', '311.27', '180.823', '234.698', '0', '');
INSERT INTO `script_waypoint` VALUES ('500117', '55', '323.033', '170.668', '234.927', '0', '');
INSERT INTO `script_waypoint` VALUES ('500117', '56', '344.065', '155.448', '235.036', '0', '');
INSERT INTO `script_waypoint` VALUES ('500117', '57', '354.659', '148.89', '238.239', '0', '');
INSERT INTO `script_waypoint` VALUES ('500117', '58', '370.306', '145.626', '240.839', '0', '');
INSERT INTO `script_waypoint` VALUES ('500117', '59', '387.29', '134.608', '244.95', '0', '');
INSERT INTO `script_waypoint` VALUES ('500117', '60', '404.508', '123.439', '248.75', '0', '');
INSERT INTO `script_waypoint` VALUES ('500117', '61', '433.098', '108.74', '254.348', '0', '');
INSERT INTO `script_waypoint` VALUES ('500117', '62', '459.512', '80.1403', '257.575', '0', '');
INSERT INTO `script_waypoint` VALUES ('500117', '63', '494.207', '74.7614', '260.937', '0', '');
INSERT INTO `script_waypoint` VALUES ('500117', '64', '526.11', '80.1353', '265.306', '0', '');
INSERT INTO `script_waypoint` VALUES ('500117', '65', '552.616', '79.6298', '269.757', '0', '');
INSERT INTO `script_waypoint` VALUES ('500117', '66', '571.651', '89.3907', '272.257', '0', '');
INSERT INTO `script_waypoint` VALUES ('500117', '67', '602.456', '106.096', '277.081', '0', '');
INSERT INTO `script_waypoint` VALUES ('500117', '68', '660.959', '108.623', '279.223', '0', '');
INSERT INTO `script_waypoint` VALUES ('500117', '69', '676.512', '107.93', '279.342', '0', '');
INSERT INTO `script_waypoint` VALUES ('500117', '70', '698.505', '84.9176', '279.491', '0', '');
INSERT INTO `script_waypoint` VALUES ('500117', '71', '724.42', '71.0189', '281.661', '0', '');
INSERT INTO `script_waypoint` VALUES ('500117', '72', '762.882', '52.9045', '288.033', '0', '');
INSERT INTO `script_waypoint` VALUES ('500117', '73', '785.33', '52.6067', '291.425', '0', '');
INSERT INTO `script_waypoint` VALUES ('500117', '74', '812.913', '55.9217', '295.039', '0', '');
INSERT INTO `script_waypoint` VALUES ('500117', '75', '836.031', '51.7424', '297.491', '0', '');
INSERT INTO `script_waypoint` VALUES ('500117', '76', '859.974', '51.9539', '298.896', '0', '');
INSERT INTO `script_waypoint` VALUES ('500117', '77', '872.812', '62.306', '299.298', '0', '');
INSERT INTO `script_waypoint` VALUES ('500117', '78', '882.859', '85.1602', '296.653', '0', '');
INSERT INTO `script_waypoint` VALUES ('500117', '79', '884.941', '109.1', '291.104', '0', '');
INSERT INTO `script_waypoint` VALUES ('500117', '80', '888.558', '122.423', '287.011', '0', '');
INSERT INTO `script_waypoint` VALUES ('500117', '81', '897.111', '137.482', '285.355', '0', '');
INSERT INTO `script_waypoint` VALUES ('500117', '82', '907.098', '158.677', '285.231', '0', '');
INSERT INTO `script_waypoint` VALUES ('500117', '83', '918.13', '175.801', '288.446', '0', '');
INSERT INTO `script_waypoint` VALUES ('500117', '84', '924.791', '190.756', '291.572', '0', '');
INSERT INTO `script_waypoint` VALUES ('500117', '85', '927.393', '238.421', '302.518', '0', '');
INSERT INTO `script_waypoint` VALUES ('500117', '86', '955.982', '266.617', '312.681', '0', '');
INSERT INTO `script_waypoint` VALUES ('500117', '87', '974.351', '271.316', '318.679', '0', '');
INSERT INTO `script_waypoint` VALUES ('500117', '88', '987.486', '275.833', '323.011', '0', '');
INSERT INTO `script_waypoint` VALUES ('500117', '89', '1004.45', '282.065', '327.468', '0', '');
INSERT INTO `script_waypoint` VALUES ('500117', '90', '1019.04', '287.425', '331.035', '0', '');
INSERT INTO `script_waypoint` VALUES ('500117', '91', '1035.04', '293.305', '334.612', '0', '');
INSERT INTO `script_waypoint` VALUES ('500117', '92', '1051.72', '294.347', '339.561', '0', '');
INSERT INTO `script_waypoint` VALUES ('500117', '93', '1071.75', '296.56', '339.561', '0', '');
INSERT INTO `script_waypoint` VALUES ('500117', '94', '1078.04', '285.826', '339.56', '0', '');
INSERT INTO `script_waypoint` VALUES ('500117', '95', '1087.24', '280.121', '339.559', '0', '');
INSERT INTO `script_waypoint` VALUES ('500117', '96', '1093.92', '297.664', '338.613', '0', '');
DELETE FROM `script_waypoint` WHERE `entry` = '500107';
INSERT INTO `script_waypoint` VALUES ('500107', '113', '43.5527', '1172.79', '367.342', '0', '');
INSERT INTO `script_waypoint` VALUES ('500107', '112', '62.8301', '1176.56', '368.288', '0', '');
INSERT INTO `script_waypoint` VALUES ('500107', '111', '63.3245', '1166.46', '368.288', '0', '');
INSERT INTO `script_waypoint` VALUES ('500107', '110', '56.8771', '1157.73', '368.282', '0', '');
INSERT INTO `script_waypoint` VALUES ('500107', '109', '69.5359', '1140.82', '368.287', '0', '');
INSERT INTO `script_waypoint` VALUES ('500107', '108', '73.5078', '1137.15', '367.85', '0', '');
INSERT INTO `script_waypoint` VALUES ('500107', '107', '74.5526', '1135.76', '367.178', '0', '');
INSERT INTO `script_waypoint` VALUES ('500107', '106', '91.6735', '1132.28', '366.686', '0', '');
INSERT INTO `script_waypoint` VALUES ('500107', '105', '98.0543', '1123.57', '362.562', '0', '');
INSERT INTO `script_waypoint` VALUES ('500107', '104', '100.74', '1119.29', '359.326', '0', '');
INSERT INTO `script_waypoint` VALUES ('500107', '103', '103.909', '1114.24', '355.555', '0', '');
INSERT INTO `script_waypoint` VALUES ('500107', '102', '108.822', '1112.78', '351.311', '0', '');
INSERT INTO `script_waypoint` VALUES ('500107', '101', '115.281', '1111.14', '346.028', '0', '');
INSERT INTO `script_waypoint` VALUES ('500107', '100', '126.514', '1107.48', '336.666', '0', '');
INSERT INTO `script_waypoint` VALUES ('500107', '99', '132.057', '1098.84', '329.614', '0', '');
INSERT INTO `script_waypoint` VALUES ('500107', '98', '144.32', '1099.01', '325.269', '0', '');
INSERT INTO `script_waypoint` VALUES ('500107', '97', '151.128', '1091.02', '323.47', '0', '');
INSERT INTO `script_waypoint` VALUES ('500107', '96', '160.016', '1080.58', '322.507', '0', '');
INSERT INTO `script_waypoint` VALUES ('500107', '95', '164.881', '1070.62', '320.218', '0', '');
INSERT INTO `script_waypoint` VALUES ('500107', '94', '165.195', '1065.17', '316.7', '0', '');
INSERT INTO `script_waypoint` VALUES ('500107', '93', '165.758', '1055.4', '309.726', '0', '');
INSERT INTO `script_waypoint` VALUES ('500107', '92', '161.145', '1044.84', '303.361', '0', '');
INSERT INTO `script_waypoint` VALUES ('500107', '91', '152.865', '1034.94', '298.27', '0', '');
INSERT INTO `script_waypoint` VALUES ('500107', '90', '145.267', '1025.85', '295.231', '0', '');
INSERT INTO `script_waypoint` VALUES ('500107', '89', '142.045', '1018.18', '295.098', '0', '');
INSERT INTO `script_waypoint` VALUES ('500107', '88', '137.585', '1007.58', '295.16', '0', '');
INSERT INTO `script_waypoint` VALUES ('500107', '87', '134.815', '998.438', '295.083', '0', '');
INSERT INTO `script_waypoint` VALUES ('500107', '86', '156.2', '980.119', '294.439', '0', '');
INSERT INTO `script_waypoint` VALUES ('500107', '85', '160.187', '975.628', '292.373', '0', '');
INSERT INTO `script_waypoint` VALUES ('500107', '84', '165.506', '971.34', '288.694', '0', '');
INSERT INTO `script_waypoint` VALUES ('500107', '83', '169.045', '964.345', '283.928', '0', '');
INSERT INTO `script_waypoint` VALUES ('500107', '82', '177.66', '960.359', '278.747', '0', '');
INSERT INTO `script_waypoint` VALUES ('500107', '81', '188.333', '955.421', '272.246', '0', '');
INSERT INTO `script_waypoint` VALUES ('500107', '80', '185.891', '947.107', '268.734', '0', '');
INSERT INTO `script_waypoint` VALUES ('500107', '79', '181.891', '933.486', '264.915', '0', '');
INSERT INTO `script_waypoint` VALUES ('500107', '78', '171.37', '906.961', '264.216', '0', '');
INSERT INTO `script_waypoint` VALUES ('500107', '77', '159.66', '877.296', '267.844', '0', '');
INSERT INTO `script_waypoint` VALUES ('500107', '76', '144.061', '862.313', '269.9', '0', '');
INSERT INTO `script_waypoint` VALUES ('500107', '75', '122.051', '843.054', '272.165', '0', '');
INSERT INTO `script_waypoint` VALUES ('500107', '74', '93.7964', '821.434', '272.028', '0', '');
INSERT INTO `script_waypoint` VALUES ('500107', '73', '67.4317', '797.454', '268.474', '0', '');
INSERT INTO `script_waypoint` VALUES ('500107', '72', '45.7407', '779.362', '269.961', '0', '');
INSERT INTO `script_waypoint` VALUES ('500107', '71', '29.2011', '775.51', '273.106', '0', '');
INSERT INTO `script_waypoint` VALUES ('500107', '70', '6.20294', '773.107', '277.149', '0', '');
INSERT INTO `script_waypoint` VALUES ('500107', '69', '-20.7475', '767.951', '280.591', '0', '');
INSERT INTO `script_waypoint` VALUES ('500107', '68', '-19.2372', '757.356', '281.217', '0', '');
INSERT INTO `script_waypoint` VALUES ('500107', '67', '-14.652', '742.464', '276.709', '0', '');
INSERT INTO `script_waypoint` VALUES ('500107', '66', '-7.40829', '714.452', '272.721', '0', '');
INSERT INTO `script_waypoint` VALUES ('500107', '65', '-0.477896', '689.456', '272.427', '0', '');
INSERT INTO `script_waypoint` VALUES ('500107', '64', '3.98314', '677.49', '274.696', '0', '');
INSERT INTO `script_waypoint` VALUES ('500107', '63', '9.43243', '657.469', '272.654', '0', '');
INSERT INTO `script_waypoint` VALUES ('500107', '62', '14.713', '641.653', '270.398', '0', '');
INSERT INTO `script_waypoint` VALUES ('500107', '61', '16.4178', '609.988', '269.407', '0', '');
INSERT INTO `script_waypoint` VALUES ('500107', '60', '17.0481', '579.213', '273.778', '0', '');
INSERT INTO `script_waypoint` VALUES ('500107', '59', '18.3629', '564.883', '277.279', '0', '');
INSERT INTO `script_waypoint` VALUES ('500107', '58', '34.0966', '543.633', '281.786', '0', '');
INSERT INTO `script_waypoint` VALUES ('500107', '57', '47.478', '525.495', '286.57', '0', '');
INSERT INTO `script_waypoint` VALUES ('500107', '56', '38.5898', '510.145', '292.949', '0', '');
INSERT INTO `script_waypoint` VALUES ('500107', '55', '30.1806', '496.91', '297.348', '0', '');
INSERT INTO `script_waypoint` VALUES ('500107', '54', '28.1555', '485.127', '301.002', '0', '');
INSERT INTO `script_waypoint` VALUES ('500107', '53', '25.5122', '462.933', '305.254', '0', '');
INSERT INTO `script_waypoint` VALUES ('500107', '52', '24.6299', '440.069', '306.124', '0', '');
INSERT INTO `script_waypoint` VALUES ('500107', '51', '24.7838', '416.437', '306.042', '0', '');
INSERT INTO `script_waypoint` VALUES ('500107', '50', '24.9032', '398.097', '304.545', '0', '');
INSERT INTO `script_waypoint` VALUES ('500107', '49', '70.8645', '327.508', '294.138', '0', '');
INSERT INTO `script_waypoint` VALUES ('500107', '48', '81.8619', '313.787', '291.297', '0', '');
INSERT INTO `script_waypoint` VALUES ('500107', '47', '99.5445', '310.476', '287.767', '0', '');
INSERT INTO `script_waypoint` VALUES ('500107', '46', '116.47', '307.306', '283.102', '0', '');
INSERT INTO `script_waypoint` VALUES ('500107', '45', '131.374', '295.524', '277.539', '0', '');
INSERT INTO `script_waypoint` VALUES ('500107', '44', '164.769', '290.199', '271.251', '0', '');
INSERT INTO `script_waypoint` VALUES ('500107', '43', '203.814', '276.359', '262.195', '0', '');
INSERT INTO `script_waypoint` VALUES ('500107', '42', '221.021', '264.69', '258.541', '0', '');
INSERT INTO `script_waypoint` VALUES ('500107', '41', '242.154', '244.715', '254.129', '0', '');
INSERT INTO `script_waypoint` VALUES ('500107', '40', '267.097', '223.637', '248.811', '0', '');
INSERT INTO `script_waypoint` VALUES ('500107', '39', '281.072', '212.155', '245.818', '0', '');
INSERT INTO `script_waypoint` VALUES ('500107', '38', '294.789', '189.727', '238.58', '0', '');
INSERT INTO `script_waypoint` VALUES ('500107', '37', '311.27', '180.823', '234.698', '0', '');
INSERT INTO `script_waypoint` VALUES ('500107', '36', '323.033', '170.668', '234.927', '0', '');
INSERT INTO `script_waypoint` VALUES ('500107', '35', '344.065', '155.448', '235.036', '0', '');
INSERT INTO `script_waypoint` VALUES ('500107', '34', '354.659', '148.89', '238.239', '0', '');
INSERT INTO `script_waypoint` VALUES ('500107', '33', '370.306', '145.626', '240.839', '0', '');
INSERT INTO `script_waypoint` VALUES ('500107', '32', '387.29', '134.608', '244.95', '0', '');
INSERT INTO `script_waypoint` VALUES ('500107', '31', '404.508', '123.439', '248.75', '0', '');
INSERT INTO `script_waypoint` VALUES ('500107', '30', '433.098', '108.74', '254.348', '0', '');
INSERT INTO `script_waypoint` VALUES ('500107', '29', '459.512', '80.1403', '257.575', '0', '');
INSERT INTO `script_waypoint` VALUES ('500107', '28', '494.207', '74.7614', '260.937', '0', '');
INSERT INTO `script_waypoint` VALUES ('500107', '27', '526.11', '80.1353', '265.306', '0', '');
INSERT INTO `script_waypoint` VALUES ('500107', '26', '552.616', '79.6298', '269.757', '0', '');
INSERT INTO `script_waypoint` VALUES ('500107', '25', '571.651', '89.3907', '272.257', '0', '');
INSERT INTO `script_waypoint` VALUES ('500107', '24', '602.456', '106.096', '277.081', '0', '');
INSERT INTO `script_waypoint` VALUES ('500107', '23', '660.959', '108.623', '279.223', '0', '');
INSERT INTO `script_waypoint` VALUES ('500107', '22', '676.512', '107.93', '279.342', '0', '');
INSERT INTO `script_waypoint` VALUES ('500107', '21', '698.505', '84.9176', '279.491', '0', '');
INSERT INTO `script_waypoint` VALUES ('500107', '20', '724.42', '71.0189', '281.661', '0', '');
INSERT INTO `script_waypoint` VALUES ('500107', '19', '762.882', '52.9045', '288.033', '0', '');
INSERT INTO `script_waypoint` VALUES ('500107', '18', '785.33', '52.6067', '291.425', '0', '');
INSERT INTO `script_waypoint` VALUES ('500107', '17', '812.913', '55.9217', '295.039', '0', '');
INSERT INTO `script_waypoint` VALUES ('500107', '16', '836.031', '51.7424', '297.491', '0', '');
INSERT INTO `script_waypoint` VALUES ('500107', '15', '859.974', '51.9539', '298.896', '0', '');
INSERT INTO `script_waypoint` VALUES ('500107', '14', '872.812', '62.306', '299.298', '0', '');
INSERT INTO `script_waypoint` VALUES ('500107', '13', '882.859', '85.1602', '296.653', '0', '');
INSERT INTO `script_waypoint` VALUES ('500107', '12', '884.941', '109.1', '291.104', '0', '');
INSERT INTO `script_waypoint` VALUES ('500107', '11', '888.558', '122.423', '287.011', '0', '');
INSERT INTO `script_waypoint` VALUES ('500107', '10', '897.111', '137.482', '285.355', '0', '');
INSERT INTO `script_waypoint` VALUES ('500107', '9', '907.098', '158.677', '285.231', '0', '');
INSERT INTO `script_waypoint` VALUES ('500107', '8', '918.13', '175.801', '288.446', '0', '');
INSERT INTO `script_waypoint` VALUES ('500107', '7', '924.791', '190.756', '291.572', '0', '');
INSERT INTO `script_waypoint` VALUES ('500107', '6', '927.393', '238.421', '302.518', '0', '');
INSERT INTO `script_waypoint` VALUES ('500107', '5', '955.982', '266.617', '312.681', '0', '');
INSERT INTO `script_waypoint` VALUES ('500107', '4', '974.351', '271.316', '318.679', '0', '');
INSERT INTO `script_waypoint` VALUES ('500107', '3', '987.486', '275.833', '323.011', '0', '');
INSERT INTO `script_waypoint` VALUES ('500107', '2', '1004.45', '282.065', '327.468', '0', '');
INSERT INTO `script_waypoint` VALUES ('500107', '1', '1019.04', '287.425', '331.035', '0', '');
INSERT INTO `script_waypoint` VALUES ('500107', '0', '1019.04', '287.425', '331.035', '36000', '');

DELETE FROM `trinity_string` WHERE ((entry > '11999') and (entry < '12008'));
INSERT INTO `trinity_string` VALUES (12000, 'The Alliance lost the first Tower!','','','','','','','','Орда уничтожила первую вышку!');
INSERT INTO `trinity_string` VALUES (12001, 'The Alliance lost the second Tower!','','','','','','','','Орда уничтожила вторую вышку!');
INSERT INTO `trinity_string` VALUES (12002, 'The Alliance lost the third Tower!','','','','','','','','Орда уничтожила третью вышку!');
INSERT INTO `trinity_string` VALUES (12003, 'The Horde lost the first Tower!','','','','','','','','Альянс уничтожил первую вышку!');
INSERT INTO `trinity_string` VALUES (12004, 'The Alliance lost the second Tower!','','','','','','','','Альянс уничтожил вторую вышку!');
INSERT INTO `trinity_string` VALUES (12005, 'The Alliance lost the third Tower!','','','','','','','','Альянс уничтожил третью вышку!');
INSERT INTO `trinity_string` VALUES (12006, 'The Alliance killed neutral BOSS!','','','','','','','','Альянс уничтожил нейтрального босса!');
INSERT INTO `trinity_string` VALUES (12007, 'The Horde killed neutral BOSS!','','','','','','','','Орда уничтожила нейтрального босса!');

DELETE FROM `locales_creature` WHERE ((entry > '500099') and (entry < '500126'));
INSERT INTO `locales_creature` VALUES ('500100', '', '', '', '', '', '', '', 'Древо Альянса', null, null, null, null, null, null, null, 'Башня');
INSERT INTO `locales_creature` VALUES ('500101', '', '', '', '', '', '', '', 'Древо Альянса', null, null, null, null, null, null, null, 'Башня');
INSERT INTO `locales_creature` VALUES ('500102', '', '', '', '', '', '', '', 'Древо Альянса', null, null, null, null, null, null, null, 'Башня');
INSERT INTO `locales_creature` VALUES ('500110', '', '', '', '', '', '', '', 'Древо Орды', null, null, null, null, null, null, null, 'Башня');
INSERT INTO `locales_creature` VALUES ('500111', '', '', '', '', '', '', '', 'Древо Орды', null, null, null, null, null, null, null, 'Башня');
INSERT INTO `locales_creature` VALUES ('500112', '', '', '', '', '', '', '', 'Древо Орды', null, null, null, null, null, null, null, 'Башня');
INSERT INTO `locales_creature` VALUES ('500108', '', '', '', '', '', '', '', 'Старое Древо', null, null, null, null, null, null, null, 'Барраки Альянса');
INSERT INTO `locales_creature` VALUES ('500118', '', '', '', '', '', '', '', 'Старое Древо', null, null, null, null, null, null, null, 'Барраки Орды');
INSERT INTO `locales_creature` VALUES ('500120', '', '', '', '', '', '', '', 'Рошан', null, null, null, null, null, null, null, 'Dota AllStars');
INSERT INTO `locales_creature` VALUES ('500107', '', '', '', '', '', '', '', 'Крип', null, null, null, null, null, null, null, 'Альянс');
INSERT INTO `locales_creature` VALUES ('500117', '', '', '', '', '', '', '', 'Крип', null, null, null, null, null, null, null, 'Орда');
INSERT INTO `locales_creature` VALUES ('500109', '', '', '', '', '', '', '', 'Сайрен Усмерительница', null, null, null, null, null, null, null, 'Управляющая Аванпостом Альянса');
INSERT INTO `locales_creature` VALUES ('500119', '', '', '', '', '', '', '', 'Дейсон Кровавый', null, null, null, null, null, null, null, 'Управляющий Аванпостом Орды');

DELETE FROM `creature_equip_template` WHERE `entry` IN (10000,10001);
INSERT INTO `creature_equip_template` VALUES 
(10000,47266,47266,0),
(10001,19362,28825,0);

DELETE FROM `creature_template` WHERE `entry` IN (500005,5000006);
INSERT INTO `creature_template` (`entry`, `difficulty_entry_1`, `difficulty_entry_2`, `difficulty_entry_3`, `KillCredit1`, `KillCredit2`, `modelid1`, `modelid2`, `modelid3`, `modelid4`, `name`, `subname`, `IconName`, `gossip_menu_id`, `minlevel`, `maxlevel`, `exp`, `faction_A`, `faction_H`, `npcflag`, `scale`, `rank`, `mindmg`, `maxdmg`, `dmgschool`, `attackpower`, `dmg_multiplier`, `baseattacktime`, `rangeattacktime`, `unit_class`, `unit_flags`, `dynamicflags`, `family`, `trainer_type`, `trainer_spell`, `trainer_class`, `trainer_race`, `minrangedmg`, `maxrangedmg`, `rangedattackpower`, `type`, `type_flags`, `lootid`, `pickpocketloot`, `skinloot`, `resistance1`, `resistance2`, `resistance3`, `resistance4`, `resistance5`, `resistance6`, `spell1`, `spell2`, `spell3`, `spell4`, `spell5`, `spell6`, `spell7`, `spell8`, `PetSpellDataId`, `VehicleId`, `mingold`, `maxgold`, `AIName`, `MovementType`, `InhabitType`, `Health_mod`, `Mana_mod`, `RacialLeader`, `questItem1`, `questItem2`, `questItem3`, `questItem4`, `questItem5`, `questItem6`, `movementId`, `RegenHealth`, `equipment_id`, `mechanic_immune_mask`, `flags_extra`, `ScriptName`) VALUES 
(500005, 0, 0, 0, 0, 0, 20807, 0, 20807, 0, 'OutdoorPvP: Azhara Crater', 'Wow Fun', '', 0, 80, 80, 0, 35, 35, 1, 1, 1, 50, 150, 0, 1000, 100, 2000, 0, 1, 2, 0, 0, 0, 0, 0, 0, 0, 0, 0, 7, 2, 0, 0, 0, 0, 0, 0, 0, 0, 0, 0, 0, 0, 0, 0, 0, 0, 0, 0, 0, 0, 0, '', 0, 3, 10, 1, 0, 0, 0, 0, 0, 0, 0, 0, 1, 0, 0, 0, 'npc_tp_ca');
INSERT INTO `creature_template` (`entry`, `difficulty_entry_1`, `difficulty_entry_2`, `difficulty_entry_3`, `KillCredit1`, `KillCredit2`, `modelid1`, `modelid2`, `modelid3`, `modelid4`, `name`, `subname`, `IconName`, `gossip_menu_id`, `minlevel`, `maxlevel`, `exp`, `faction_A`, `faction_H`, `npcflag`, `scale`, `rank`, `mindmg`, `maxdmg`, `dmgschool`, `attackpower`, `dmg_multiplier`, `baseattacktime`, `rangeattacktime`, `unit_class`, `unit_flags`, `dynamicflags`, `family`, `trainer_type`, `trainer_spell`, `trainer_class`, `trainer_race`, `minrangedmg`, `maxrangedmg`, `rangedattackpower`, `type`, `type_flags`, `lootid`, `pickpocketloot`, `skinloot`, `resistance1`, `resistance2`, `resistance3`, `resistance4`, `resistance5`, `resistance6`, `spell1`, `spell2`, `spell3`, `spell4`, `spell5`, `spell6`, `spell7`, `spell8`, `PetSpellDataId`, `VehicleId`, `mingold`, `maxgold`, `AIName`, `MovementType`, `InhabitType`, `Health_mod`, `Mana_mod`, `RacialLeader`, `questItem1`, `questItem2`, `questItem3`, `questItem4`, `questItem5`, `questItem6`, `movementId`, `RegenHealth`, `equipment_id`, `mechanic_immune_mask`, `flags_extra`, `ScriptName`) VALUES 
(500006, 0, 0, 0, 0, 0, 20807, 0, 20807, 0, 'OutdoorPvP: Capital', 'Battle End', '', 0, 80, 80, 0, 35, 35, 1, 1, 1, 50, 150, 0, 1000, 100, 2000, 0, 1, 2, 0, 0, 0, 0, 0, 0, 0, 0, 0, 7, 2, 0, 0, 0, 0, 0, 0, 0, 0, 0, 0, 0, 0, 0, 0, 0, 0, 0, 0, 0, 0, 0, '', 0, 3, 10, 1, 0, 0, 0, 0, 0, 0, 0, 0, 1, 0, 0, 0, 'npc_tp_capital');
DELETE FROM `locales_creature` WHERE `entry` IN (500005,500006);
INSERT INTO `locales_creature` (`entry`, `name_loc8`) VALUES 
(500006, 'Окончить бой'),
(500005, 'Поле Битвы: Кратер Азшары');